<?xml version="1.0" encoding="UTF-8"?>
<MOODLE_BACKUP>
  <INFO>
    <NAME>backup-cf101-20120307-1531.zip</NAME>
    <MOODLE_VERSION>2007101591.08</MOODLE_VERSION>
    <MOODLE_RELEASE>1.9.15+ (Build: 20111205)</MOODLE_RELEASE>
    <BACKUP_VERSION>2009111300</BACKUP_VERSION>
    <BACKUP_RELEASE>1.9.7</BACKUP_RELEASE>
    <DATE>1331130662</DATE>
    <ORIGINAL_WWWROOT>http://localhost/jeelo19</ORIGINAL_WWWROOT>
    <ORIGINAL_SITE_IDENTIFIER_HASH>6e9b472e055f132120fc31cd004d5ae3</ORIGINAL_SITE_IDENTIFIER_HASH>
    <ZIP_METHOD>internal</ZIP_METHOD>
    <DETAILS>
      <MOD>
        <NAME>chat</NAME>
        <INCLUDED>true</INCLUDED>
        <USERINFO>false</USERINFO>
        <INSTANCES>
          <INSTANCE>
          <ID>1</ID>
          <NAME>Test chat</NAME>
          <INCLUDED>true</INCLUDED>
          <USERINFO>false</USERINFO>
          </INSTANCE>
        </INSTANCES>
      </MOD>
      <MOD>
        <NAME>choice</NAME>
        <INCLUDED>true</INCLUDED>
        <USERINFO>false</USERINFO>
        <INSTANCES>
          <INSTANCE>
          <ID>2</ID>
          <NAME>Test choice</NAME>
          <INCLUDED>true</INCLUDED>
          <USERINFO>false</USERINFO>
          </INSTANCE>
        </INSTANCES>
      </MOD>
      <MOD>
        <NAME>forum</NAME>
        <INCLUDED>true</INCLUDED>
        <USERINFO>false</USERINFO>
        <INSTANCES>
          <INSTANCE>
          <ID>1</ID>
          <NAME>News forum</NAME>
          <INCLUDED>true</INCLUDED>
          <USERINFO>false</USERINFO>
          </INSTANCE>
        </INSTANCES>
      </MOD>
      <METACOURSE>false</METACOURSE>
      <USERS>none</USERS>
      <LOGS>false</LOGS>
      <USERFILES>false</USERFILES>
      <COURSEFILES>true</COURSEFILES>
      <SITEFILES>true</SITEFILES>
      <GRADEBOOKHISTORIES>false</GRADEBOOKHISTORIES>
      <MESSAGES>false</MESSAGES>
      <BLOGS>false</BLOGS>
      <BLOCKFORMAT>instances</BLOCKFORMAT>
    </DETAILS>
  </INFO>
  <ROLES>
  </ROLES>
  <COURSE>
    <HEADER>
      <ID>2</ID>
      <CATEGORY>
        <ID>2</ID>
        <NAME>Project 1 - Omgaan met elkaar</NAME>
      </CATEGORY>
      <PASSWORD></PASSWORD>
      <FULLNAME>Jaar 1/2 - Samen spelen</FULLNAME>
      <SHORTNAME>CF101</SHORTNAME>
      <IDNUMBER></IDNUMBER>
      <SUMMARY> Jaar 1/2 - Samen spelen</SUMMARY>
      <FORMAT>weeks</FORMAT>
      <SHOWGRADES>1</SHOWGRADES>
      <NEWSITEMS>5</NEWSITEMS>
      <TEACHER>Teacher</TEACHER>
      <TEACHERS>Teachers</TEACHERS>
      <STUDENT>Student</STUDENT>
      <STUDENTS>Students</STUDENTS>
      <GUEST>0</GUEST>
      <STARTDATE>1325026800</STARTDATE>
      <NUMSECTIONS>10</NUMSECTIONS>
      <MAXBYTES>2097152</MAXBYTES>
      <SHOWREPORTS>0</SHOWREPORTS>
      <GROUPMODE>0</GROUPMODE>
      <GROUPMODEFORCE>0</GROUPMODEFORCE>
      <DEFAULTGROUPINGID>0</DEFAULTGROUPINGID>
      <LANG></LANG>
      <THEME></THEME>
      <COST></COST>
      <CURRENCY>USD</CURRENCY>
      <MARKER>0</MARKER>
      <VISIBLE>1</VISIBLE>
      <HIDDENSECTIONS>0</HIDDENSECTIONS>
      <TIMECREATED>1324980904</TIMECREATED>
      <TIMEMODIFIED>1325682205</TIMEMODIFIED>
      <METACOURSE>0</METACOURSE>
      <EXPIRENOTIFY>0</EXPIRENOTIFY>
      <NOTIFYSTUDENTS>0</NOTIFYSTUDENTS>
      <EXPIRYTHRESHOLD>864000</EXPIRYTHRESHOLD>
      <ENROLLABLE>1</ENROLLABLE>
      <ENROLSTARTDATE>0</ENROLSTARTDATE>
      <ENROLENDDATE>0</ENROLENDDATE>
      <ENROLPERIOD>0</ENROLPERIOD>
      <ROLES_OVERRIDES>
      </ROLES_OVERRIDES>
      <ROLES_ASSIGNMENTS>
      </ROLES_ASSIGNMENTS>
    </HEADER>
    <BLOCKS>
      <BLOCK>
        <ID>7</ID>
        <NAME>participants</NAME>
        <PAGEID>2</PAGEID>
        <PAGETYPE>course-view</PAGETYPE>
        <POSITION>l</POSITION>
        <WEIGHT>0</WEIGHT>
        <VISIBLE>1</VISIBLE>
        <CONFIGDATA>Tjs=</CONFIGDATA>
        <ROLES_OVERRIDES>
        </ROLES_OVERRIDES>
        <ROLES_ASSIGNMENTS>
        </ROLES_ASSIGNMENTS>
      </BLOCK>
      <BLOCK>
        <ID>8</ID>
        <NAME>activity_modules</NAME>
        <PAGEID>2</PAGEID>
        <PAGETYPE>course-view</PAGETYPE>
        <POSITION>l</POSITION>
        <WEIGHT>1</WEIGHT>
        <VISIBLE>1</VISIBLE>
        <CONFIGDATA>Tjs=</CONFIGDATA>
        <ROLES_OVERRIDES>
        </ROLES_OVERRIDES>
        <ROLES_ASSIGNMENTS>
        </ROLES_ASSIGNMENTS>
      </BLOCK>
      <BLOCK>
        <ID>9</ID>
        <NAME>search_forums</NAME>
        <PAGEID>2</PAGEID>
        <PAGETYPE>course-view</PAGETYPE>
        <POSITION>l</POSITION>
        <WEIGHT>2</WEIGHT>
        <VISIBLE>1</VISIBLE>
        <CONFIGDATA>Tjs=</CONFIGDATA>
        <ROLES_OVERRIDES>
        </ROLES_OVERRIDES>
        <ROLES_ASSIGNMENTS>
        </ROLES_ASSIGNMENTS>
      </BLOCK>
      <BLOCK>
        <ID>10</ID>
        <NAME>admin</NAME>
        <PAGEID>2</PAGEID>
        <PAGETYPE>course-view</PAGETYPE>
        <POSITION>l</POSITION>
        <WEIGHT>3</WEIGHT>
        <VISIBLE>1</VISIBLE>
        <CONFIGDATA>Tjs=</CONFIGDATA>
        <ROLES_OVERRIDES>
        </ROLES_OVERRIDES>
        <ROLES_ASSIGNMENTS>
        </ROLES_ASSIGNMENTS>
      </BLOCK>
      <BLOCK>
        <ID>11</ID>
        <NAME>course_list</NAME>
        <PAGEID>2</PAGEID>
        <PAGETYPE>course-view</PAGETYPE>
        <POSITION>l</POSITION>
        <WEIGHT>4</WEIGHT>
        <VISIBLE>1</VISIBLE>
        <CONFIGDATA>Tjs=</CONFIGDATA>
        <ROLES_OVERRIDES>
        </ROLES_OVERRIDES>
        <ROLES_ASSIGNMENTS>
        </ROLES_ASSIGNMENTS>
      </BLOCK>
      <BLOCK>
        <ID>12</ID>
        <NAME>news_items</NAME>
        <PAGEID>2</PAGEID>
        <PAGETYPE>course-view</PAGETYPE>
        <POSITION>r</POSITION>
        <WEIGHT>0</WEIGHT>
        <VISIBLE>1</VISIBLE>
        <CONFIGDATA>Tjs=</CONFIGDATA>
        <ROLES_OVERRIDES>
        </ROLES_OVERRIDES>
        <ROLES_ASSIGNMENTS>
        </ROLES_ASSIGNMENTS>
      </BLOCK>
      <BLOCK>
        <ID>13</ID>
        <NAME>calendar_upcoming</NAME>
        <PAGEID>2</PAGEID>
        <PAGETYPE>course-view</PAGETYPE>
        <POSITION>r</POSITION>
        <WEIGHT>1</WEIGHT>
        <VISIBLE>1</VISIBLE>
        <CONFIGDATA>Tjs=</CONFIGDATA>
        <ROLES_OVERRIDES>
        </ROLES_OVERRIDES>
        <ROLES_ASSIGNMENTS>
        </ROLES_ASSIGNMENTS>
      </BLOCK>
      <BLOCK>
        <ID>14</ID>
        <NAME>recent_activity</NAME>
        <PAGEID>2</PAGEID>
        <PAGETYPE>course-view</PAGETYPE>
        <POSITION>r</POSITION>
        <WEIGHT>2</WEIGHT>
        <VISIBLE>1</VISIBLE>
        <CONFIGDATA>Tjs=</CONFIGDATA>
        <ROLES_OVERRIDES>
        </ROLES_OVERRIDES>
        <ROLES_ASSIGNMENTS>
        </ROLES_ASSIGNMENTS>
      </BLOCK>
    </BLOCKS>
    <SECTIONS>
      <SECTION>
        <ID>1</ID>
        <NUMBER>0</NUMBER>
        <SUMMARY>$@NULL@$</SUMMARY>
        <VISIBLE>1</VISIBLE>
        <MODS>
          <MOD>
            <ID>1</ID>
            <TYPE>forum</TYPE>
            <INSTANCE>1</INSTANCE>
            <ADDED>1324980908</ADDED>
            <SCORE>0</SCORE>
            <INDENT>0</INDENT>
            <VISIBLE>1</VISIBLE>
            <GROUPMODE>0</GROUPMODE>
            <GROUPINGID>0</GROUPINGID>
            <GROUPMEMBERSONLY>0</GROUPMEMBERSONLY>
            <IDNUMBER>$@NULL@$</IDNUMBER>
            <ROLES_OVERRIDES>
            </ROLES_OVERRIDES>
            <ROLES_ASSIGNMENTS>
            </ROLES_ASSIGNMENTS>
          </MOD>
        </MODS>
      </SECTION>
      <SECTION>
        <ID>2</ID>
        <NUMBER>1</NUMBER>
        <SUMMARY></SUMMARY>
        <VISIBLE>1</VISIBLE>
        <MODS>
          <MOD>
            <ID>13</ID>
            <TYPE>chat</TYPE>
            <INSTANCE>1</INSTANCE>
            <ADDED>1329316389</ADDED>
            <SCORE>0</SCORE>
            <INDENT>0</INDENT>
            <VISIBLE>1</VISIBLE>
            <GROUPMODE>0</GROUPMODE>
            <GROUPINGID>0</GROUPINGID>
            <GROUPMEMBERSONLY>0</GROUPMEMBERSONLY>
            <IDNUMBER></IDNUMBER>
            <ROLES_OVERRIDES>
            </ROLES_OVERRIDES>
            <ROLES_ASSIGNMENTS>
            </ROLES_ASSIGNMENTS>
          </MOD>
          <MOD>
            <ID>14</ID>
            <TYPE>choice</TYPE>
            <INSTANCE>2</INSTANCE>
            <ADDED>1329316463</ADDED>
            <SCORE>0</SCORE>
            <INDENT>0</INDENT>
            <VISIBLE>1</VISIBLE>
            <GROUPMODE>0</GROUPMODE>
            <GROUPINGID>0</GROUPINGID>
            <GROUPMEMBERSONLY>0</GROUPMEMBERSONLY>
            <IDNUMBER></IDNUMBER>
            <ROLES_OVERRIDES>
            </ROLES_OVERRIDES>
            <ROLES_ASSIGNMENTS>
            </ROLES_ASSIGNMENTS>
          </MOD>
        </MODS>
      </SECTION>
      <SECTION>
        <ID>3</ID>
        <NUMBER>2</NUMBER>
        <SUMMARY></SUMMARY>
        <VISIBLE>1</VISIBLE>
      </SECTION>
      <SECTION>
        <ID>4</ID>
        <NUMBER>3</NUMBER>
        <SUMMARY></SUMMARY>
        <VISIBLE>1</VISIBLE>
      </SECTION>
      <SECTION>
        <ID>5</ID>
        <NUMBER>4</NUMBER>
        <SUMMARY></SUMMARY>
        <VISIBLE>1</VISIBLE>
      </SECTION>
      <SECTION>
        <ID>6</ID>
        <NUMBER>5</NUMBER>
        <SUMMARY></SUMMARY>
        <VISIBLE>1</VISIBLE>
      </SECTION>
      <SECTION>
        <ID>7</ID>
        <NUMBER>6</NUMBER>
        <SUMMARY></SUMMARY>
        <VISIBLE>1</VISIBLE>
      </SECTION>
      <SECTION>
        <ID>8</ID>
        <NUMBER>7</NUMBER>
        <SUMMARY></SUMMARY>
        <VISIBLE>1</VISIBLE>
      </SECTION>
      <SECTION>
        <ID>9</ID>
        <NUMBER>8</NUMBER>
        <SUMMARY></SUMMARY>
        <VISIBLE>1</VISIBLE>
      </SECTION>
      <SECTION>
        <ID>10</ID>
        <NUMBER>9</NUMBER>
        <SUMMARY></SUMMARY>
        <VISIBLE>1</VISIBLE>
      </SECTION>
      <SECTION>
        <ID>11</ID>
        <NUMBER>10</NUMBER>
        <SUMMARY></SUMMARY>
        <VISIBLE>1</VISIBLE>
      </SECTION>
    </SECTIONS>
    <USERS>
      <USER>
        <ID>1</ID>
        <AUTH>manual</AUTH>
        <CONFIRMED>1</CONFIRMED>
        <POLICYAGREED>0</POLICYAGREED>
        <DELETED>0</DELETED>
        <USERNAME>guest</USERNAME>
        <IDNUMBER></IDNUMBER>
        <FIRSTNAME>Guest User</FIRSTNAME>
        <LASTNAME> </LASTNAME>
        <EMAIL>root@localhost</EMAIL>
        <EMAILSTOP>0</EMAILSTOP>
        <ICQ></ICQ>
        <SKYPE></SKYPE>
        <YAHOO></YAHOO>
        <AIM></AIM>
        <MSN></MSN>
        <PHONE1></PHONE1>
        <PHONE2></PHONE2>
        <INSTITUTION></INSTITUTION>
        <DEPARTMENT></DEPARTMENT>
        <ADDRESS></ADDRESS>
        <CITY></CITY>
        <COUNTRY></COUNTRY>
        <LANG>en_utf8</LANG>
        <THEME></THEME>
        <TIMEZONE>99</TIMEZONE>
        <FIRSTACCESS>0</FIRSTACCESS>
        <LASTACCESS>0</LASTACCESS>
        <LASTLOGIN>0</LASTLOGIN>
        <CURRENTLOGIN>0</CURRENTLOGIN>
        <LASTIP></LASTIP>
        <PICTURE>0</PICTURE>
        <URL></URL>
        <DESCRIPTION>This user is a special user that allows read-only access to some courses.</DESCRIPTION>
        <MAILFORMAT>1</MAILFORMAT>
        <MAILDIGEST>0</MAILDIGEST>
        <MAILDISPLAY>2</MAILDISPLAY>
        <HTMLEDITOR>1</HTMLEDITOR>
        <AJAX>1</AJAX>
        <AUTOSUBSCRIBE>1</AUTOSUBSCRIBE>
        <TRACKFORUMS>0</TRACKFORUMS>
        <TIMEMODIFIED>1323876931</TIMEMODIFIED>
        <ROLES>
        </ROLES>
        <ROLES_OVERRIDES>
        </ROLES_OVERRIDES>
        <ROLES_ASSIGNMENTS>
        </ROLES_ASSIGNMENTS>
      </USER>
      <USER>
        <ID>2</ID>
        <AUTH>manual</AUTH>
        <CONFIRMED>1</CONFIRMED>
        <POLICYAGREED>0</POLICYAGREED>
        <DELETED>0</DELETED>
        <USERNAME>admin</USERNAME>
        <IDNUMBER></IDNUMBER>
        <FIRSTNAME>Admin</FIRSTNAME>
        <LASTNAME>User</LASTNAME>
        <EMAIL>m.deridder@solin.nl</EMAIL>
        <EMAILSTOP>0</EMAILSTOP>
        <ICQ></ICQ>
        <SKYPE></SKYPE>
        <YAHOO></YAHOO>
        <AIM></AIM>
        <MSN></MSN>
        <PHONE1></PHONE1>
        <PHONE2></PHONE2>
        <INSTITUTION></INSTITUTION>
        <DEPARTMENT></DEPARTMENT>
        <ADDRESS></ADDRESS>
        <CITY>Breda</CITY>
        <COUNTRY>NL</COUNTRY>
        <LANG>en_utf8</LANG>
        <THEME></THEME>
        <TIMEZONE>99</TIMEZONE>
        <FIRSTACCESS>1323877094</FIRSTACCESS>
        <LASTACCESS>1331130662</LASTACCESS>
        <LASTLOGIN>1331117192</LASTLOGIN>
        <CURRENTLOGIN>1331122572</CURRENTLOGIN>
        <LASTIP>127.0.0.1</LASTIP>
        <PICTURE>0</PICTURE>
        <URL></URL>
        <DESCRIPTION></DESCRIPTION>
        <MAILFORMAT>1</MAILFORMAT>
        <MAILDIGEST>0</MAILDIGEST>
        <MAILDISPLAY>1</MAILDISPLAY>
        <HTMLEDITOR>1</HTMLEDITOR>
        <AJAX>1</AJAX>
        <AUTOSUBSCRIBE>1</AUTOSUBSCRIBE>
        <TRACKFORUMS>0</TRACKFORUMS>
        <TIMEMODIFIED>1323877094</TIMEMODIFIED>
        <ROLES>
        </ROLES>
        <USER_PREFERENCES>
          <USER_PREFERENCE>
            <NAME>auth_forcepasswordchange</NAME>
            <VALUE>0</VALUE>
          </USER_PREFERENCE>
          <USER_PREFERENCE>
            <NAME>email_bounce_count</NAME>
            <VALUE>1</VALUE>
          </USER_PREFERENCE>
          <USER_PREFERENCE>
            <NAME>email_send_count</NAME>
            <VALUE>1</VALUE>
          </USER_PREFERENCE>
        </USER_PREFERENCES>
        <ROLES_OVERRIDES>
        </ROLES_OVERRIDES>
        <ROLES_ASSIGNMENTS>
        </ROLES_ASSIGNMENTS>
      </USER>
    </USERS>
    <GRADEBOOK>
      <GRADE_CATEGORIES>
        <GRADE_CATEGORY>
          <ID>2</ID>
          <PARENT>$@NULL@$</PARENT>
          <FULLNAME>?</FULLNAME>
          <AGGREGATION>11</AGGREGATION>
          <KEEPHIGH>0</KEEPHIGH>
          <DROPLOW>0</DROPLOW>
          <AGGREGATEONLYGRADED>1</AGGREGATEONLYGRADED>
          <AGGREGATEOUTCOMES>0</AGGREGATEOUTCOMES>
          <AGGREGATESUBCATS>0</AGGREGATESUBCATS>
          <TIMECREATED>1325778549</TIMECREATED>
          <TIMEMODIFIED>1325778549</TIMEMODIFIED>
        </GRADE_CATEGORY>
      </GRADE_CATEGORIES>
      <GRADE_ITEMS>
        <GRADE_ITEM>
          <ID>2</ID>
          <CATEGORYID>$@NULL@$</CATEGORYID>
          <ITEMNAME>$@NULL@$</ITEMNAME>
          <ITEMTYPE>course</ITEMTYPE>
          <ITEMMODULE>$@NULL@$</ITEMMODULE>
          <ITEMINSTANCE>2</ITEMINSTANCE>
          <ITEMNUMBER>$@NULL@$</ITEMNUMBER>
          <ITEMINFO>$@NULL@$</ITEMINFO>
          <IDNUMBER>$@NULL@$</IDNUMBER>
          <CALCULATION>$@NULL@$</CALCULATION>
          <GRADETYPE>1</GRADETYPE>
          <GRADEMAX>100.00000</GRADEMAX>
          <GRADEMIN>0.00000</GRADEMIN>
          <SCALEID>$@NULL@$</SCALEID>
          <OUTCOMEID>$@NULL@$</OUTCOMEID>
          <GRADEPASS>0.00000</GRADEPASS>
          <MULTFACTOR>1.00000</MULTFACTOR>
          <PLUSFACTOR>0.00000</PLUSFACTOR>
          <AGGREGATIONCOEF>0.00000</AGGREGATIONCOEF>
          <DISPLAY>0</DISPLAY>
          <DECIMALS>$@NULL@$</DECIMALS>
          <HIDDEN>0</HIDDEN>
          <LOCKED>0</LOCKED>
          <LOCKTIME>0</LOCKTIME>
          <NEEDSUPDATE>0</NEEDSUPDATE>
          <TIMECREATED>1325778549</TIMECREATED>
          <TIMEMODIFIED>1325778549</TIMEMODIFIED>
        </GRADE_ITEM>
      </GRADE_ITEMS>
    </GRADEBOOK>
    <MODULES>
      <MOD>
        <ID>1</ID>
        <MODTYPE>chat</MODTYPE>
        <NAME>Test chat</NAME>
        <INTRO>Test chat&lt;br /&gt; </INTRO>
        <KEEPDAYS>0</KEEPDAYS>
        <STUDENTLOGS>0</STUDENTLOGS>
        <SCHEDULE>0</SCHEDULE>
        <CHATTIME>1329316200</CHATTIME>
        <TIMEMODIFIED>1329316389</TIMEMODIFIED>
      </MOD>
      <MOD>
        <ID>2</ID>
        <MODTYPE>choice</MODTYPE>
        <NAME>Test choice</NAME>
        <TEXT> Test choice </TEXT>
        <FORMAT>1</FORMAT>
        <PUBLISH>0</PUBLISH>
        <SHOWRESULTS>0</SHOWRESULTS>
        <DISPLAY>0</DISPLAY>
        <ALLOWUPDATE>0</ALLOWUPDATE>
        <SHOWUNANSWERED>0</SHOWUNANSWERED>
        <LIMITANSWERS>0</LIMITANSWERS>
        <TIMEOPEN>0</TIMEOPEN>
        <TIMECLOSE>0</TIMECLOSE>
        <TIMEMODIFIED>1329316472</TIMEMODIFIED>
        <OPTIONS>
          <OPTION>
            <ID>3</ID>
            <TEXT>Choice 1</TEXT>
            <MAXANSWERS>0</MAXANSWERS>
            <TIMEMODIFIED>1329316472</TIMEMODIFIED>
          </OPTION>
          <OPTION>
            <ID>4</ID>
            <TEXT>Choice 2</TEXT>
            <MAXANSWERS>0</MAXANSWERS>
            <TIMEMODIFIED>1329316472</TIMEMODIFIED>
          </OPTION>
        </OPTIONS>
      </MOD>
      <MOD>
        <ID>1</ID>
        <MODTYPE>forum</MODTYPE>
        <TYPE>news</TYPE>
        <NAME>News forum</NAME>
        <INTRO>General news and announcements</INTRO>
        <ASSESSED>0</ASSESSED>
        <ASSESSTIMESTART>0</ASSESSTIMESTART>
        <ASSESSTIMEFINISH>0</ASSESSTIMEFINISH>
        <MAXBYTES>0</MAXBYTES>
        <SCALE>1</SCALE>
        <FORCESUBSCRIBE>1</FORCESUBSCRIBE>
        <TRACKINGTYPE>1</TRACKINGTYPE>
        <RSSTYPE>0</RSSTYPE>
        <RSSARTICLES>0</RSSARTICLES>
        <TIMEMODIFIED>1324980908</TIMEMODIFIED>
        <WARNAFTER>0</WARNAFTER>
        <BLOCKAFTER>0</BLOCKAFTER>
        <BLOCKPERIOD>0</BLOCKPERIOD>
      </MOD>
    </MODULES>
    <FORMATDATA>
    </FORMATDATA>
  </COURSE>
</MOODLE_BACKUP>
